{
  "project_info": {
    "project_number": "3837924683",
    "firebase_url": "https://crafts-project-4fbf9-default-rtdb.firebaseio.com",
    "project_id": "crafts-project-4fbf9",
    "storage_bucket": "crafts-project-4fbf9.appspot.com"
  },
  "client": [
    {
      "client_info": {
        "mobilesdk_app_id": "1:3837924683:android:5f8276103ba606bb7384ce",
        "android_client_info": {
          "package_name": "com.example.crafts_capstone_project"
        }
      },
      "oauth_client": [
        {
          "client_id": "3837924683-bfrkg1s8e3hh62vskh8tveg5h45dsli1.apps.googleusercontent.com",
          "client_type": 3
        }
      ],
      "api_key": [
        {
          "current_key": "AIzaSyD0qBXuV_tqxestMd8l5ou9vqYo7HllSec"
        }
      ],
      "services": {
        "appinvite_service": {
          "other_platform_oauth_client": [
            {
              "client_id": "3837924683-bfrkg1s8e3hh62vskh8tveg5h45dsli1.apps.googleusercontent.com",
              "client_type": 3
            }
          ]
        }
      }
    }
  ],
  "configuration_version": "1"
}